URL,443
https://sleekflow.io,X,
https://affiliate.sleekflow.io,X,
https://affiliates.sleekflow.io,X,
https://apidoc.sleekflow.io,X,
https://api.sleekflow.io,X,
https://api-staging.sleekflow.io,X,
https://app-revamp.sleekflow.io,X,
https://app.sleekflow.io,X,
https://autodiscover.sleekflow.io,X,
https://backup-api.sleekflow.io,X,
https://beta.sleekflow.io,X,
https://campaign.sleekflow.io,X,
https://chat.sleekflow.io,X,
https://checkout.sleekflow.io,X,
https://click.sleekflow.io,X,
https://cn.sleekflow.io,X,
https://ctf-tools.sleekflow.io,X,
https://dev-revamp.sleekflow.io,X,
https://dev.sleekflow.io,X,
https://docs.sleekflow.io,X,
https://ebook.sleekflow.io,X,
https://feedbacksleekflow.azureedge.net,X,
https://feedback.sleekflow.io,X,
https://gw.sleekflow.io,X,
https://help.sleekflow.io,X,
https://landing.sleekflow.io,X,
https://messaging-api.sleekflow.io,X,
https://next.sleekflow.io,X,
https://partner.sleekflow.io,X,
https://partner-uat.sleekflow.io,X,
https://pay-eas-dev.sleekflow.io,X,
https://pay-eas.sleekflow.io,X,
https://pay-eas-staging.sleekflow.io,X,
https://pay-eus.sleekflow.io,X,
https://pay-seas.sleekflow.io,X,
https://pay.sleekflow.io,X,
https://pay-uaen.sleekflow.io,X,
https://pay-weu.sleekflow.io,X,
https://perf-revamp.sleekflow.io,X,
https://perf.sleekflow.io,X,
https://phrase-marketing.sleekflow.io,X,
https://phrase-revamp-uat.sleekflow.io,X,
https://powerflow.sleekflow.io,X,
https://preprod-us.sleekflow.io,X,
https://preview.sleekflow.io,X,
https://product.sleekflow.io,X,
https://prospect.sleekflow.io,X,
https://prospect-sleekflow-io.prospectrck.com,X,
https://referralpartner.sleekflow.io,X,
https://reseller.sleekflow.io,X,
https://sgreseller.sleekflow.io,X,
https://sleekflow-cdn-prod.azureedge.net,X,
https://sleekflow-core-app-eas-performance.azurewebsites.net,X,
https://sleekflow-core-worker-app-eas-production.azurewebsites.net,X,
https://sleekflow.io,X,
https://sleekflow-share-tracking.azurewebsites.net,X,
https://sleekflow-sleek-pay-app-eas-dev72229138.azurewebsites.net,X,
https://sleekflow-sleek-pay-app-eas-production74183132.azurewebsites.net,X,
https://sleekflow-sleek-pay-app-eas-stagingbdaed46a.azurewebsites.net,X,
https://sleekflow-sleek-pay-app-eus-production234d48b8.azurewebsites.net,X,
https://sleekflow-sleek-pay-app-seas-production711e69f0.azurewebsites.net,X,
https://sleekflow-sleek-pay-app-uaen-production4ca668ba.azurewebsites.net,X,
https://sleekflow-sleek-pay-app-weu-production0edec8b4.azurewebsites.net,X,
https://sleekflowuat.azureedge.net,X,
https://sso.sleekflow.io,X,
https://sso-staging.sleekflow.io,X,
https://staging2-revamp.sleekflow.io,X,
https://staging2.sleekflow.io,X,
https://staging-revamp.sleekflow.io,X,
https://staging.sleekflow.io,X,
https://status.sleekflow.io,X,
https://trial.sleekflow.io,X,
https://uat2.sleekflow.io,X,
https://uat3.sleekflow.io,X,
https://uat-dev.sleekflow.io,X,
https://uat-revamp.sleekflow.io,X,
https://ui.sleekflow.io,X,
https://v1-dev.sleekflow.io,X,
https://v1.sleekflow.io,X,
https://v1-staging.sleekflow.io,X,
https://www.sleekflow.io,X,
https://travis.asia,X,
https://app.travis.asia,X,