URL,80
sleekflow.io,X,
affiliate.sleekflow.io,X,
affiliates.sleekflow.io,X,
apidoc.sleekflow.io,X,
api.sleekflow.io,X,
api-staging.sleekflow.io,X,
app-revamp.sleekflow.io,X,
app.sleekflow.io,X,
autodiscover.sleekflow.io,X,
backup-api.sleekflow.io,X,
beta.sleekflow.io,X,
campaign.sleekflow.io,X,
chat.sleekflow.io,X,
checkout.sleekflow.io,X,
click.sleekflow.io,X,
cn.sleekflow.io,X,
ctf-tools.sleekflow.io,X,
dev-revamp.sleekflow.io,X,
dev.sleekflow.io,X,
docs.sleekflow.io,X,
ebook.sleekflow.io,X,
feedbacksleekflow.azureedge.net,X,
feedback.sleekflow.io,X,
gw.sleekflow.io,X,
help.sleekflow.io,X,
landing.sleekflow.io,X,
messaging-api.sleekflow.io,X,
next.sleekflow.io,X,
partner.sleekflow.io,X,
partner-uat.sleekflow.io,X,
pay-eas-dev.sleekflow.io,X,
pay-eas.sleekflow.io,X,
pay-eas-staging.sleekflow.io,X,
pay-eus.sleekflow.io,X,
pay-seas.sleekflow.io,X,
pay.sleekflow.io,X,
pay-uaen.sleekflow.io,X,
pay-weu.sleekflow.io,X,
perf-revamp.sleekflow.io,X,
perf.sleekflow.io,X,
phrase-marketing.sleekflow.io,X,
phrase-revamp-uat.sleekflow.io,X,
powerflow.sleekflow.io,X,
preprod-us.sleekflow.io,X,
preview.sleekflow.io,X,
product.sleekflow.io,X,
prospect.sleekflow.io,X,
prospect-sleekflow-io.prospectrck.com,X,
referralpartner.sleekflow.io,X,
reseller.sleekflow.io,X,
sgreseller.sleekflow.io,X,
sleekflow-cdn-prod.azureedge.net,X,
sleekflow-core-app-eas-performance.azurewebsites.net,X,
sleekflow-core-worker-app-eas-production.azurewebsites.net,X,
sleekflow.io,X,
sleekflow-share-tracking.azurewebsites.net,X,
sleekflow-sleek-pay-app-eas-dev72229138.azurewebsites.net,X,
sleekflow-sleek-pay-app-eas-production74183132.azurewebsites.net,X,
sleekflow-sleek-pay-app-eas-stagingbdaed46a.azurewebsites.net,X,
sleekflow-sleek-pay-app-eus-production234d48b8.azurewebsites.net,X,
sleekflow-sleek-pay-app-seas-production711e69f0.azurewebsites.net,X,
sleekflow-sleek-pay-app-uaen-production4ca668ba.azurewebsites.net,X,
sleekflow-sleek-pay-app-weu-production0edec8b4.azurewebsites.net,X,
sleekflowuat.azureedge.net,X,
sso.sleekflow.io,X,
sso-staging.sleekflow.io,X,
staging2-revamp.sleekflow.io,X,
staging2.sleekflow.io,X,
staging-revamp.sleekflow.io,X,
staging.sleekflow.io,X,
status.sleekflow.io,X,
trial.sleekflow.io,X,
uat2.sleekflow.io,X,
uat3.sleekflow.io,X,
uat-dev.sleekflow.io,X,
uat-revamp.sleekflow.io,X,
ui.sleekflow.io,X,
v1-dev.sleekflow.io,X,
v1.sleekflow.io,X,
v1-staging.sleekflow.io,X,
www.sleekflow.io,X,
travis.asia,X,
app.travis.asia,X,